canonical_name,dog_base_severity,cat_base_severity,is_legume,position_reduction_eligible,has_content,occurrence_count
choline_chloride,neutral,neutral,False,False,true,3609
potassium_chloride,neutral,neutral,False,False,true,3459
manganese_sulfate,neutral,neutral,False,False,true,2190
zinc_sulfate,neutral,neutral,False,False,true,2021
guar_gum,neutral,neutral,False,False,true,1931
calcium_carbonate,neutral,neutral,False,False,true,1721
iron_chelated,neutral,neutral,False,False,false,1491
vitamin_c,neutral,neutral,False,False,false,1203
vitamin_k3,neutral,neutral,False,False,false,1187
tricalcium_phosphate,neutral,neutral,False,False,true,1170
zinc_oxide,neutral,neutral,False,False,true,918
xanthan_gum,neutral,neutral,False,False,true,878
magnesium_sulfate,neutral,neutral,False,False,true,857
sweet_potatoes,neutral,neutral,False,True,true,836
chicken_liver,neutral,neutral,False,True,false,818
glycerin,neutral,neutral,False,False,true,771
dicalcium_phosphate,neutral,neutral,False,False,true,711
sunflower_oil,neutral,neutral,False,True,true,697
citric_acid,neutral,neutral,False,False,true,647
barley,neutral,neutral,False,True,true,616
potato,neutral,neutral,False,True,false,557
manganese_oxide,neutral,neutral,False,False,false,542
brewer’s_yeast,neutral,neutral,False,False,false,483
yucca_extract,neutral,neutral,False,False,false,448
oat_meal,neutral,neutral,False,True,false,421
l_lysine,neutral,neutral,False,False,true,410
cellulose,neutral,neutral,False,True,false,392
lactobacillus_acidophilus,neutral,neutral,False,False,false,377
enterococcus_faecieum,neutral,neutral,False,False,false,310
parsley,neutral,neutral,False,True,true,295
calcium_sulfate,neutral,neutral,False,False,true,294
chicken_heart,neutral,neutral,False,True,false,283
cornprotein_meal,neutral,neutral,False,False,false,268
glycine,neutral,neutral,False,False,true,266
gelatin,neutral,neutral,False,False,false,263
potassium_sorbate,neutral,neutral,False,False,true,254
coconut_oil,neutral,neutral,False,True,true,250
lactic_acid,neutral,neutral,False,False,false,245
chicken_flavor,neutral,neutral,False,False,false,242
tapioca,neutral,neutral,False,False,false,241
artificial_and_natural_flavors,neutral,neutral,False,False,false,235
smoke_flavor,neutral,neutral,False,False,true,234
sodium_phosphate,neutral,neutral,False,False,true,233
calcium_lactate,neutral,neutral,False,False,false,217
pea_fiber,neutral,neutral,True,True,false,216
turkey_meal,neutral,neutral,False,True,false,212
fish,neutral,neutral,False,False,false,208
sorghum,neutral,neutral,False,True,true,205
sunflower_seed_oil,neutral,neutral,False,True,false,205
pea_starch,neutral,neutral,True,True,false,204
locust_bean_gum,neutral,neutral,False,False,true,203
beef_liver,neutral,neutral,False,True,false,202
rice_flour,neutral,neutral,False,True,false,195
pork_liver,neutral,neutral,False,True,false,181
broccoli,neutral,neutral,False,True,true,178
magnesium_oxide,neutral,neutral,False,False,true,174
preserved_with_mixed_tocopherols,neutral,neutral,False,False,false,169
beef_fat,neutral,neutral,False,True,false,164
cassia_gum,neutral,neutral,False,False,false,162
lactobacillus_casei,neutral,neutral,False,False,false,159
lecithin,neutral,neutral,False,False,false,154
nicotinic_acid,neutral,neutral,False,False,false,154
l_threonine,neutral,neutral,False,False,true,153
cobalt_chelated,neutral,neutral,False,False,false,147
agar_agar,neutral,neutral,False,False,true,147
pea_flour,neutral,neutral,True,True,false,146
tuna_flavor,neutral,neutral,False,False,false,146
yeast_culture,neutral,neutral,False,False,false,145
cheese,neutral,neutral,False,False,false,145
tomatoes,neutral,neutral,False,False,false,141
sodium_carbonate,neutral,neutral,False,False,false,139
miscanthus_grass,neutral,neutral,False,True,false,136
monocalcium_phosphate,neutral,neutral,False,False,true,135
chicken_liver_flavor,neutral,neutral,False,False,false,134
reduced_iron,neutral,neutral,False,False,false,131
oil_of_rosemary,neutral,neutral,False,False,false,127
carrot,neutral,neutral,False,False,false,126
potato_protein,neutral,neutral,False,False,false,126
menhaden_fish_meal,neutral,neutral,False,True,false,125
yeast_extract,neutral,neutral,False,False,false,121
lamb_meal,neutral,neutral,False,True,false,120
trichoderma_longibrachiatum,neutral,neutral,False,False,false,120
chondroitin,neutral,neutral,False,False,false,119
rosemary,neutral,neutral,False,False,false,116
lactobacillus_plantarum_fermentation_product,neutral,neutral,False,False,false,116
sorbitol,neutral,neutral,False,False,true,115
vinegar,neutral,neutral,False,False,false,112
bifidobacterium_animalis_fermentation_product,neutral,neutral,False,False,false,111
spearmint_extract,neutral,neutral,False,False,false,109
calcium_chloride,neutral,neutral,False,False,false,109
sodium_pyrophosphate,neutral,neutral,False,False,false,106
millet,neutral,neutral,False,True,true,104
celery_powder,neutral,neutral,False,False,false,103
turkey_liver,neutral,neutral,False,True,false,101
calcium_propionate,neutral,neutral,False,False,true,100
sorbic_acid,neutral,neutral,False,False,false,99
shrimp,neutral,neutral,False,False,false,99
l_tryptophan,neutral,neutral,False,False,true,98
fructooligosaccharide,neutral,neutral,False,False,false,96
tuna_broth,neutral,neutral,False,True,false,92
barley_grass,neutral,neutral,False,False,false,91
quinoa,neutral,neutral,False,True,true,90
apple,neutral,neutral,False,False,false,90
menhaden_fish_oil,neutral,neutral,False,True,false,90
niacinamide,neutral,neutral,False,False,false,90
beef_lung,neutral,neutral,False,True,false,89
cultured_whey,neutral,neutral,False,False,false,89
tomato,neutral,neutral,False,False,false,87
cobalt,neutral,neutral,False,False,false,86
bacon,neutral,neutral,False,False,false,84
chicken_bone_broth,neutral,neutral,False,True,false,83
montmorillonite_clay,neutral,neutral,False,False,true,83
potassium_citrate,neutral,neutral,False,False,true,83
vegetable_juice_for_color,neutral,neutral,False,False,false,82
butternut_squash,neutral,neutral,False,False,false,82
apple_cider_vinegar,neutral,neutral,False,False,false,81
pork_by_products,neutral,neutral,False,True,false,80
pork_meal,neutral,neutral,False,True,false,80
yeast,neutral,neutral,False,False,false,80
whey,neutral,neutral,False,False,false,79
sodium_acid_pyrophosphate,neutral,neutral,False,False,false,78
peanut_butter,neutral,neutral,False,False,false,78
poultry_byproduct_meal,neutral,neutral,False,True,true,77
malted_barley_flour,neutral,neutral,False,False,false,77
barley_malt_syrup,neutral,neutral,False,False,false,77
rice_bran,neutral,neutral,False,False,false,76
blueberry,neutral,neutral,False,False,false,76
beef_meal,neutral,neutral,False,True,false,73
monosodium_phosphate,neutral,neutral,False,False,false,73
oat_fiber,neutral,neutral,False,True,false,73
maltodextrin,neutral,neutral,False,False,true,71
new_zealand_green_mussel,neutral,neutral,False,False,false,70
fish_flavor,neutral,neutral,False,False,false,70
yam,neutral,neutral,False,False,false,70
coconut_glycerin,neutral,neutral,False,False,false,69
psyllium_seed_husk,neutral,neutral,False,False,false,68
sodium_propionate,neutral,neutral,False,False,false,68
whitefish_meal,neutral,neutral,False,True,false,67
papaya,neutral,neutral,False,True,true,66
chia_seed,neutral,neutral,False,False,false,65
suncured_alfalfa_meal,neutral,neutral,False,False,false,65
chicken_gizzard,neutral,neutral,False,True,false,64
preserved_with_mixed_tocopherols_and_citric_acid,neutral,neutral,False,False,false,64
pork_fat,neutral,neutral,False,True,false,64
ocean_whitefish,neutral,neutral,False,False,false,64
beef_kidney,neutral,neutral,False,True,false,63
scallop_flavor,neutral,neutral,False,False,false,63
tuna_oil,neutral,neutral,False,True,false,61
lamb_liver,neutral,neutral,False,True,false,61
direct_dehydrated_alfalfa_pellets,neutral,neutral,False,False,false,60
ethylenediamine_dihydroiodide,neutral,neutral,False,False,false,60
herring_meal,neutral,neutral,False,True,false,59
vitamin_b5,neutral,neutral,False,False,false,58
coconut,neutral,neutral,False,False,false,58
honey,neutral,neutral,False,False,false,57
herring_oil,neutral,neutral,False,True,false,56
sodium_caseinate,neutral,neutral,False,False,false,56
paprika_oleoresin,neutral,neutral,False,False,false,55
pork_plasma,neutral,neutral,False,True,false,55
seaweed,neutral,neutral,False,False,false,55
marigold_extract,neutral,neutral,False,False,false,54
thyme,neutral,neutral,False,False,false,54
bacon_flavor,neutral,neutral,False,False,false,53
modified_tapioca_starch,neutral,neutral,False,False,false,51
cranberry,neutral,neutral,False,False,false,51
tocopherols,neutral,neutral,False,False,false,51
marine_microalgae_oil,neutral,neutral,False,False,false,51
paprika,neutral,neutral,False,False,false,51
flavor,neutral,neutral,False,False,false,51
celery,neutral,neutral,False,True,true,50
squash,neutral,neutral,False,False,false,49
citrus_pulp,neutral,neutral,False,False,false,49
pork_liver_flavor,neutral,neutral,False,False,false,48
tetrasodium_pyrophosphate,neutral,neutral,False,False,false,47
beets,neutral,neutral,False,False,false,47
vitamin_b9,neutral,neutral,False,False,false,47
sodium_bisulfate,neutral,neutral,False,False,false,47
sage,neutral,neutral,False,False,false,46
pork_gelatin,neutral,neutral,False,True,false,46
erythorbic_acid,neutral,neutral,False,False,false,45
folic_acid_contains_a_source_of_live,neutral,neutral,False,False,false,45
bifidobacterium_longum_fermentation_product,neutral,neutral,False,False,false,45
magnesium_amino_acid_chelate,neutral,neutral,False,False,false,44
ocean_fish,neutral,neutral,False,False,false,43
cultured_skim_milk,neutral,neutral,False,False,false,43
beef_bone_broth,neutral,neutral,False,True,false,42
chicken_by_products,neutral,neutral,False,True,false,42
althea_root,neutral,neutral,False,False,false,42
juniper_berries,neutral,neutral,False,False,false,42
duck_meal,neutral,neutral,False,True,false,42
milk,neutral,neutral,False,False,false,42
garbanzo_beans,neutral,neutral,False,False,false,41
pediococcus_acidilactici_fermentation_product,neutral,neutral,False,False,false,41
naturally_occurring_microorganisms,neutral,neutral,False,False,false,40
filet_mignon_flavor,neutral,neutral,False,False,false,40
canola_meal,neutral,neutral,False,False,false,40
carmine,neutral,neutral,False,False,false,40
rice_starch,neutral,neutral,False,False,false,40
pears,neutral,neutral,False,False,false,40
kelp_meal,neutral,neutral,False,False,false,39
fenugreek_seed,neutral,neutral,False,False,false,39
potato_flour*,neutral,neutral,False,False,false,39
flavors,neutral,neutral,False,False,false,38
beef_heart,neutral,neutral,False,True,false,38
sarsaparilla_root,neutral,neutral,False,False,false,38
pork_broth,neutral,neutral,False,True,false,38
potassium_alginate,neutral,neutral,False,False,false,37
pinto_beans,neutral,neutral,False,False,false,37
nonfat_milk,neutral,neutral,False,False,false,37
apple_pomace,neutral,neutral,False,True,false,36
pressed_cranberries,neutral,neutral,False,False,false,36
choline,neutral,neutral,False,False,false,36
pork_lungs,neutral,neutral,False,True,false,36
fruit_juice_color,neutral,neutral,False,False,false,36
flax_seed,neutral,neutral,False,False,false,35
collard_greens,neutral,neutral,False,False,false,35
rosehips,neutral,neutral,False,False,false,35
inositol,neutral,neutral,False,False,true,35
pecan_shells,neutral,neutral,False,False,false,35
beef_tripe,neutral,neutral,False,True,false,34
vegetable_juice,neutral,neutral,False,False,false,34
sunflower_lecithin,neutral,neutral,False,True,false,34
raspberries,neutral,neutral,False,False,false,33
lentil_fiber,neutral,neutral,True,True,false,33
white_fish,neutral,neutral,False,False,false,33
duck_broth,neutral,neutral,False,True,false,33
calcium_gluconate,neutral,neutral,False,False,false,33
lamb_kidney,neutral,neutral,False,True,false,33
chicken_breast,neutral,neutral,False,True,false,33
oat_hulls,neutral,neutral,False,False,false,33
artichokes,neutral,neutral,False,False,false,33
scallop,neutral,neutral,False,False,false,33
manganese_sulfate_monohydrate,neutral,neutral,False,False,false,33
lamb_heart,neutral,neutral,False,True,false,32
copper_glycine_complex,neutral,neutral,False,False,false,32
hickory_smoke_flavor,neutral,neutral,False,False,false,32
cheese_powder,neutral,neutral,False,False,false,30
sodium_silico_aluminate,neutral,neutral,False,False,false,30
rolled_oats,neutral,neutral,False,False,false,29
turkey_giblets,neutral,neutral,False,True,false,28
choline_bitartrate,neutral,neutral,False,False,false,28
distilled_vinegar,neutral,neutral,False,False,false,28
peanut_butter_flavor,neutral,neutral,False,False,false,28
tilapia,neutral,neutral,False,False,false,28
chamomile,neutral,neutral,False,False,false,27
annatto_extract,neutral,neutral,False,False,false,27
olive_oil,neutral,neutral,False,False,false,27
chicken_cartilage,neutral,neutral,False,True,false,27
peppermint,neutral,neutral,False,False,false,27
barley_flour,neutral,neutral,False,False,false,27
dandelion,neutral,neutral,False,False,false,26
zinc_methionine_hydroxy_analogue_chelate,neutral,neutral,False,False,false,26
manganese_methionine_hydroxy_analogue_chelate,neutral,neutral,False,False,false,26
copper_methionine_hydroxy_analogue_chelate,neutral,neutral,False,False,false,26
cysteine,neutral,neutral,False,False,false,26
lactobacillus_reuteri_fermentation_product,neutral,neutral,False,False,false,26
coconut_flour,neutral,neutral,False,False,false,25
spearmint,neutral,neutral,False,False,false,25
bacon_fat,neutral,neutral,False,False,false,25
chickpea_flour,neutral,neutral,True,False,false,25
lamb_lung,neutral,neutral,False,True,false,25
beef_tallow,neutral,neutral,False,True,false,25
crab,neutral,neutral,False,False,false,25
bananas,neutral,neutral,False,True,true,24
carrot_powder,neutral,neutral,False,False,false,24
chicory,neutral,neutral,False,False,false,24
pollock_oil,neutral,neutral,False,False,false,24
cabbage,neutral,neutral,False,False,false,24
beet_fiber,neutral,neutral,False,False,false,24
bifidobacterium_bifidum_fermentation_product,neutral,neutral,False,False,false,24
rye,neutral,neutral,False,False,false,23
turkey_bone_broth,neutral,neutral,False,True,false,23
safflower_oil,neutral,neutral,False,False,false,23
beef_hide,neutral,neutral,False,True,false,23
minerals?,neutral,neutral,False,False,false,23
silicon_dioxide,neutral,neutral,False,False,true,23
pineapple,neutral,neutral,False,False,false,22
dandelion_greens,neutral,neutral,False,False,false,22
collagen,neutral,neutral,False,False,false,22
bone_phosphate,neutral,neutral,False,False,false,22
catnip,neutral,neutral,False,False,false,22
green_pea,neutral,neutral,False,False,false,21
ferrous_glycine,neutral,neutral,False,False,false,21
sodium_aluminosilicate,neutral,neutral,False,False,false,21
grain_distillers_dried_yeast,neutral,neutral,False,False,false,21
vitamin_d,neutral,neutral,False,False,false,21
palm_oil,neutral,neutral,False,False,false,21
beef_gelatin,neutral,neutral,False,True,false,21
pork_flavor,neutral,neutral,False,False,false,21
calcium_stearate,neutral,neutral,False,False,true,21
marine_microalgae,neutral,neutral,False,False,false,20
beef_bone,neutral,neutral,False,True,false,20
citric_acid_for_freshness,neutral,neutral,False,False,false,20
lactobacillus_acidophilus_fermentation_product,neutral,neutral,False,False,false,20
turkey_heart,neutral,neutral,False,True,false,20
aloe_vera_gel_concentrate,neutral,neutral,False,False,false,20
ferrous_sulphate,neutral,neutral,False,False,false,20
betaine,neutral,neutral,False,False,false,20
modified_rice_starch,neutral,neutral,False,False,false,20
egg_shell_meal,neutral,neutral,False,False,false,20
sardines,neutral,neutral,False,False,false,20
tapioca_flour,neutral,neutral,False,False,false,20
navy_beans,neutral,neutral,False,False,false,20
pollock,neutral,neutral,False,False,false,20
yogurt,neutral,neutral,False,False,false,20
cherries,neutral,neutral,False,False,false,20
scallop_extract,neutral,neutral,False,False,false,20
cobalt_glucoheptonate,neutral,neutral,False,False,false,19
pineapple_stem,neutral,neutral,False,False,false,19
lamb_broth,neutral,neutral,False,True,false,19
turkey_flavor,neutral,neutral,False,False,false,19
lactobacillus_acidophilus_fermentation_product_dehydrated,neutral,neutral,False,False,false,19
garlic,neutral,neutral,False,False,false,19
lamb_tripe,neutral,neutral,False,True,false,19
catfish_meal,neutral,neutral,False,True,false,19
lamb_bone,neutral,neutral,False,True,false,19
fish_extract,neutral,neutral,False,False,false,19
poultry,neutral,neutral,False,False,false,19
carmine_color,neutral,neutral,False,False,false,19
tuna_meal,neutral,neutral,False,True,false,19
tuna_fillet,neutral,neutral,False,True,false,19
calcium_panthotenate,neutral,neutral,False,False,false,19
sweet_orange,neutral,neutral,False,False,false,19
chickpea,neutral,neutral,True,True,false,18
egg_and_chicken_flavor,neutral,neutral,False,False,false,18
purple_potatoes,neutral,neutral,False,False,false,18
sodium_carboxymethylcellulose,neutral,neutral,False,False,false,18
fennel,neutral,neutral,False,False,false,18
pollock_meal,neutral,neutral,False,False,false,18
ferrous_glycine_complex,neutral,neutral,False,False,false,18
porcine_plasma,neutral,neutral,False,False,false,18
rawhide,neutral,neutral,False,False,false,18
sodium_metabisulfite,neutral,neutral,False,False,false,18
glucono_delta_lactone,neutral,neutral,False,False,false,18
vitamins],neutral,neutral,False,False,false,18
chicken_by_product,neutral,neutral,False,True,false,18
cod_liver_oil,neutral,neutral,False,True,false,17
avocado_oil,neutral,neutral,False,False,false,17
sage_extract,neutral,neutral,False,False,false,17
turkey_by_product_meal,neutral,neutral,False,True,false,17
glyceryl_monostearate,neutral,neutral,False,False,false,17
apricot,neutral,neutral,False,False,false,17
pumpkinseeds,neutral,neutral,False,False,false,17
cassava_root_flour,neutral,neutral,False,False,false,17
crab_flavor,neutral,neutral,False,False,false,17
bonito_flakes,neutral,neutral,False,False,false,17
alfalfa,neutral,neutral,False,True,true,16
zucchini,neutral,neutral,False,True,true,16
tryptophan,neutral,neutral,False,False,false,16
faba_beans,neutral,neutral,False,False,false,16
dipotassium_phosphate,neutral,neutral,False,False,false,16
beef_spleen,neutral,neutral,False,True,false,16
sunflower_seeds,neutral,neutral,False,True,false,16
fish_bone_broth,neutral,neutral,False,False,false,16
calcium_phosphate,neutral,neutral,False,False,false,16
goat_milk,neutral,neutral,False,False,false,16
sodium_ascorbate,neutral,neutral,False,False,false,16
peanuts,neutral,neutral,False,False,false,16
peanut_flavor,neutral,neutral,False,False,false,16
avocado,neutral,neutral,False,False,false,15
rose_hips,neutral,neutral,False,False,false,15
parsley_flakes,neutral,neutral,False,False,false,15
lactobacillus_lactis_fermentation_product,neutral,neutral,False,False,false,15
malt_extract,neutral,neutral,False,False,false,15
potassium_carbonate,neutral,neutral,False,False,false,15
blueberry_powder,neutral,neutral,False,False,false,15
whey_protein_concentrate,neutral,neutral,False,False,false,15
milk_protein,neutral,neutral,False,False,false,15
modified_food_starch,neutral,neutral,False,False,true,15
wild_rice,neutral,neutral,False,False,false,14
oranges,neutral,neutral,False,False,false,14
betaine_anhydrous,neutral,neutral,False,False,false,14
blackberries,neutral,neutral,False,False,false,14
duck_liver,neutral,neutral,False,True,false,14
white_sweet_potatoes,neutral,neutral,False,False,false,14
lamb_green_tripe,neutral,neutral,False,True,false,14
cheddar_cheese,neutral,neutral,False,False,false,14
sunflower_meal*,neutral,neutral,False,True,false,14
vegetable_starch_modified,neutral,neutral,False,False,false,14
steamed_bone_meal,neutral,neutral,False,False,false,14
ferrous_fumarate,neutral,neutral,False,False,true,14
tuna_extract,neutral,neutral,False,True,false,14
skim_milk,neutral,neutral,False,False,false,14
lactobacillus_casei_fermentation_product,neutral,neutral,False,False,false,14
mango,neutral,neutral,False,True,true,13
threonine,neutral,neutral,False,False,false,13
disodium_phosphate,neutral,neutral,False,False,false,13
banana,neutral,neutral,False,False,false,13
malted_barley,neutral,neutral,False,False,false,13
beef_plasma,neutral,neutral,False,True,false,13
sardine_meal,neutral,neutral,False,True,false,13
copper_sulphate,neutral,neutral,False,False,false,13
hoki_oil,neutral,neutral,False,False,false,13
flounder,neutral,neutral,False,False,false,13
cumin,neutral,neutral,False,False,false,13
egg_powder,neutral,neutral,False,False,false,13
zinc_glycine_complex,neutral,neutral,False,False,false,13
monoglycerides,neutral,neutral,False,False,false,13
pork_hide,neutral,neutral,False,True,false,13
menhaden_oil),neutral,neutral,False,True,false,13
sweet_potato_flour,neutral,neutral,False,False,false,13
poultry_giblets,neutral,neutral,False,False,false,13
scallop_broth,neutral,neutral,False,False,false,13
celery_extract,neutral,neutral,False,False,false,13
copper_lysine_complex,neutral,neutral,False,False,false,12
manganese_methionine_complex,neutral,neutral,False,False,false,12
split_peas,neutral,neutral,False,False,false,12
rotisserie_chicken_flavor,neutral,neutral,False,False,false,12
calcium_lodate,neutral,neutral,False,False,false,12
turkey_gizzard,neutral,neutral,False,True,false,12
tomato_puree,neutral,neutral,False,False,false,12
carotene,neutral,neutral,False,False,false,12
chia,neutral,neutral,False,False,false,12
venison_liver,neutral,neutral,False,True,false,12
cauliflower,neutral,neutral,False,False,false,12
sodium_bicarbonate,neutral,neutral,False,False,false,12
spelt,neutral,neutral,False,False,false,12
vanilla,neutral,neutral,False,False,false,12
gum_arabic,neutral,neutral,False,False,false,12
pot_marigold,neutral,neutral,False,False,false,12
green_lipped_mussels,neutral,neutral,False,False,false,12
sole,neutral,neutral,False,False,false,12
potassium_sulfate,neutral,neutral,False,False,false,12
lascorbyl_2_polyphosphate,neutral,neutral,False,False,false,12
annatto_extract_color,neutral,neutral,False,False,false,12
methyl_cellulose,neutral,neutral,False,False,false,12
ferrous_sulfate_monohydrate,neutral,neutral,False,False,false,12
goji_berry,neutral,neutral,False,False,false,11
grilled_chicken_flavor,neutral,neutral,False,False,false,11
probiotics,neutral,neutral,False,False,false,11
carob_bean_gum,neutral,neutral,False,False,false,11
spray_dried_porcine_plasma,neutral,neutral,False,False,false,11
field_peas,neutral,neutral,False,False,false,11
pyridoxine_hydrocholoride,neutral,neutral,False,False,false,11
shrimp_meal,neutral,neutral,False,False,false,11
mustard_greens,neutral,neutral,False,False,false,11
black_pepper,neutral,neutral,False,False,false,11
potassium,neutral,neutral,False,False,false,11
cranberry_powder,neutral,neutral,False,False,false,11
lamb_cartilage,neutral,neutral,False,True,false,11
applesauce,neutral,neutral,False,False,false,11
spelt_flour,neutral,neutral,False,False,false,11
zinc_propionate,neutral,neutral,False,False,false,11
manuka_honey,neutral,neutral,False,False,false,11
animal_liver_flavor,neutral,neutral,False,False,false,11
cranberry_extract,neutral,neutral,False,False,false,11
papaya_extract,neutral,neutral,False,False,false,10
coconut_meal,neutral,neutral,False,False,false,10
wild_boar,neutral,neutral,False,False,false,10
preservative,neutral,neutral,False,False,false,10
thiamin_mononitrate,neutral,neutral,False,False,false,10
bovine_colostrum,neutral,neutral,False,False,false,10
crab_meal,neutral,neutral,False,False,false,10
blood_meal_conventionally_dried,neutral,neutral,False,False,false,10
cooked_bone_marrow,neutral,neutral,False,False,false,10
rainbow_trout,neutral,neutral,False,False,false,10
turnip_greens,neutral,neutral,False,False,false,10
zinc,neutral,neutral,False,False,false,10
vitamins_vitamins,neutral,neutral,False,False,false,10
watercress,neutral,neutral,False,False,false,10
cassava_root,neutral,neutral,False,False,false,10
fruit_juice,neutral,neutral,False,False,false,10
cochineal_extract,neutral,neutral,False,False,false,10
and_rosemary_extract,neutral,neutral,False,False,false,10
xantham_gum,neutral,neutral,False,False,false,10
glycerine,neutral,neutral,False,False,false,10
canthaxanthin,neutral,neutral,False,False,false,10
l_ascorbic_acid_polyphosphate,neutral,neutral,False,False,false,10
bifidobacterium_thermophilum_fermentation_product,neutral,neutral,False,False,false,10
enterococcus_faecium_fermentation_product,neutral,neutral,False,False,false,10
bacillus_amyloliquefaciens_fermentation_product,neutral,neutral,False,False,false,10
l_tyrosine,neutral,neutral,False,False,true,10
lipoic_acid,neutral,neutral,False,False,false,9
beef_flavor,neutral,neutral,False,False,false,9
porterhouse_steak_flavor,neutral,neutral,False,False,false,9
annatto_color,neutral,neutral,False,False,false,9
buffered_vinegar,neutral,neutral,False,False,false,9
sodium_citrate,neutral,neutral,False,False,false,9
yucca_schidigera,neutral,neutral,False,False,false,9
suncured_alfalfa,neutral,neutral,False,False,false,9
mackerel_meal,neutral,neutral,False,True,false,9
blood_meal,neutral,neutral,False,False,false,9
sun_cured_alfalfa,neutral,neutral,False,False,false,9
bovine_plasma,neutral,neutral,False,False,false,9
catfish,neutral,neutral,False,True,false,9
tomato_paste,neutral,neutral,False,False,false,9
de_boned_salmon,neutral,neutral,False,False,false,9
manganese_gluconate,neutral,neutral,False,False,false,9
eggshells,neutral,neutral,False,False,false,9
carnauba_wax,neutral,neutral,False,False,false,9
hydrogenated_palm_kernel_oil,neutral,neutral,False,False,false,9
color_added,neutral,neutral,False,False,false,9
rice_syrup,neutral,neutral,False,False,false,9
ferrous_carbonate,neutral,neutral,False,False,false,9
copper_oxide,neutral,neutral,False,False,false,9
glycerol_monostearate,neutral,neutral,False,False,false,9
malted_barley_extract,neutral,neutral,False,False,false,9
roast_beef_flavor,neutral,neutral,False,False,false,9
anchovies,neutral,neutral,False,False,false,9
lobster,neutral,neutral,False,False,false,9
copper,neutral,neutral,False,False,false,9
sunflower_oil_2.5%,neutral,neutral,False,True,false,9
seaweed_meal,neutral,neutral,False,False,false,9
vitamin_a_0.005%,neutral,neutral,False,False,false,9
vitamin_d3_0.005%,neutral,neutral,False,False,false,9
manganese_glycine_complex,neutral,neutral,False,False,false,9
dlalphatocopherol_acetate,neutral,neutral,False,False,false,9
can_one,neutral,neutral,False,False,false,9
boneless_chicken,neutral,neutral,False,False,false,9
kelp_powder,neutral,neutral,False,False,false,8
pasta,neutral,neutral,False,False,false,8
potassium_iodide,neutral,neutral,False,False,true,8
pea,neutral,neutral,False,False,false,8
alaska_pollock_meal,neutral,neutral,False,False,false,8
ham,neutral,neutral,False,False,false,8
sweet_basil,neutral,neutral,False,False,false,8
thyme_extract,neutral,neutral,False,False,false,8
turkey_hearts,neutral,neutral,False,True,false,8
paprika_extract,neutral,neutral,False,False,false,8
spray_dried_pork_liver,neutral,neutral,False,False,false,8
flax_seed_meal,neutral,neutral,False,False,false,8
chicken_giblets,neutral,neutral,False,True,false,8
oceanfish,neutral,neutral,False,False,false,8
oregano,neutral,neutral,False,False,false,8
white_fish_meal,neutral,neutral,False,False,false,8
lamb_spleen,neutral,neutral,False,True,false,8
sodium_phosphate_monobasic,neutral,neutral,False,False,false,8
tart_cherries,neutral,neutral,False,False,false,8
copper_gluconate,neutral,neutral,False,False,false,8
tapioca_syrup,neutral,neutral,False,False,false,8
hydrogenated_vegetable_oil,neutral,neutral,False,False,false,8
beefhide,neutral,neutral,False,False,false,8
pig_skin,neutral,neutral,False,False,false,8
lettuce,neutral,neutral,False,False,false,8
tocopherol,neutral,neutral,False,False,false,8
pork_stock,neutral,neutral,False,True,false,8
pigskin,neutral,neutral,False,False,false,8
vegetable_protein,neutral,neutral,False,False,false,8
cobalt_sulfate,neutral,neutral,False,False,true,8
long_grain_rice,neutral,neutral,False,False,false,8
calamari,neutral,neutral,False,False,false,8
iron_glycine_complex,neutral,neutral,False,False,false,8
d_calcium_pantothenate,neutral,neutral,False,False,true,8
pork_by_product,neutral,neutral,False,True,false,8
vitamin_e_0.03%,neutral,neutral,False,False,false,8
catnip_flavor,neutral,neutral,False,False,false,8
lactobacillus_delbrueckii_fermentation_product,neutral,neutral,False,False,false,8
l_cysteine,neutral,neutral,False,False,true,8
lions_mane,neutral,neutral,False,False,false,8
reishi,neutral,neutral,False,False,false,8
cheese_product,neutral,neutral,False,False,false,8
bonito,neutral,neutral,False,False,false,8
manganese_sulphate,neutral,neutral,False,False,false,7
beef_hearts,neutral,neutral,False,True,false,7
broth,neutral,neutral,False,False,false,7
beef_cartilage,neutral,neutral,False,True,false,7
pork_kidney,neutral,neutral,False,True,false,7
grilled_steak_flavor,neutral,neutral,False,False,false,7
sodium_selenium,neutral,neutral,False,False,false,7
mono_and_diglycerides_of_fatty_acids,neutral,neutral,False,False,false,7
almonds,neutral,neutral,False,False,false,7
gla_safflower_oil,neutral,neutral,False,False,false,7
catfish_oil,neutral,neutral,False,True,false,7
duck_fat,neutral,neutral,False,True,false,7
cassava_flour,neutral,neutral,False,False,false,7
chicken_bone,neutral,neutral,False,True,false,7
beet_greens,neutral,neutral,False,False,false,7
goose,neutral,neutral,False,False,false,7
strawberry,neutral,neutral,False,False,false,7
green_lipped_mussel,neutral,neutral,False,False,false,7
chicken_oil,neutral,neutral,False,True,false,7
rye_flour,neutral,neutral,False,False,false,7
venison_tripe,neutral,neutral,False,True,false,7
venison_kidney,neutral,neutral,False,True,false,7
preserved_with_lactic_acid_and_mixed_tocopherols,neutral,neutral,False,False,false,7
paprika_powder,neutral,neutral,False,False,false,7
buffered_white_distilled_vinegar,neutral,neutral,False,False,false,7
chicken_meat,neutral,neutral,False,True,false,7
quail_egg,neutral,neutral,False,True,false,7
calcium_sulfate_dihydrate,neutral,neutral,False,False,false,7
vitamin_d_3_supplement]._d_6920,neutral,neutral,False,False,false,7
vitamin_e_supplement,neutral,neutral,False,False,true,7
vitamin_k,neutral,neutral,False,False,false,7
pyridoxine_hydrochloride,neutral,neutral,False,False,true,7
agar,neutral,neutral,False,False,false,7
green_lipped_mussel_powder,neutral,neutral,False,False,false,7
vitamin_b12_supplement,neutral,neutral,False,False,true,7
krill,neutral,neutral,False,False,false,7
bacillus_subtilis_fermentation_product,neutral,neutral,False,False,false,7
turkey_tail,neutral,neutral,False,True,false,7
trichoderma_longibrachiatum_fermentation_product,neutral,neutral,False,False,false,7
cultured_milk,neutral,neutral,False,False,false,7
dpantothenic_acid,neutral,neutral,False,False,false,7
goji_berries,neutral,neutral,False,False,false,7
ashwagandha,neutral,neutral,False,False,false,7
shiitake,neutral,neutral,False,False,false,7
maitake,neutral,neutral,False,False,false,7
cordyceps,neutral,neutral,False,False,false,7
mushroom,neutral,neutral,False,False,false,7
vitamin_d2,neutral,neutral,False,False,false,7
whey_product,neutral,neutral,False,False,false,7
pectin,neutral,neutral,False,True,true,6
riboflavin,neutral,neutral,False,False,false,6
hydrochloric_acid,neutral,neutral,False,False,false,6
rabbit_meal,neutral,neutral,False,True,false,6
meat_&_bone_meal,neutral,neutral,False,False,false,6
chicken_with_ground_bone,neutral,neutral,False,True,false,6
apple_pectin,neutral,neutral,False,False,false,6
pepper,neutral,neutral,False,False,false,6
venison_meal,neutral,neutral,False,True,false,6
milo,neutral,neutral,False,False,false,6
reed_sedge_peat,neutral,neutral,False,False,false,6
lions_mane_mushroom,neutral,neutral,False,False,false,6
bacillus_subtillis_fermentation_product,neutral,neutral,False,False,false,6
krill_meal,neutral,neutral,False,False,false,6
supplement,neutral,neutral,False,False,false,6
zinc_sulfate_monohydrate,neutral,neutral,False,False,false,6
red_bell_peppers,neutral,neutral,False,False,false,6
tea_extract,neutral,neutral,False,False,false,6
pork_digest,neutral,neutral,False,False,false,6
turkey_fat,neutral,neutral,False,True,false,6
de_boned_turkey,neutral,neutral,False,False,false,6
sodium_erythorbate,neutral,neutral,False,False,false,6
vitamin_d2_supplement,neutral,neutral,False,False,false,6
yams,neutral,neutral,False,False,false,6
beet,neutral,neutral,False,False,false,6
mung_bean,neutral,neutral,False,False,false,6
egg_yolk_powder,neutral,neutral,False,False,false,6
and_sodium_molybdate,neutral,neutral,False,False,false,6
cellulose_powder,neutral,neutral,False,False,false,6
cellulose_fiber,neutral,neutral,False,False,false,6
artificial_peanut_butter_flavor,neutral,neutral,False,False,false,6
celery_juice,neutral,neutral,False,False,false,6
banana_powder,neutral,neutral,False,False,false,6
crab_surimi,neutral,neutral,False,False,false,6
skimmed_milk,neutral,neutral,False,False,false,6
folic_acid,neutral,neutral,False,False,true,6
vitamin_d3supplement,neutral,neutral,False,False,false,6
b12,neutral,neutral,False,False,false,6
skim_milk_powder,neutral,neutral,False,False,false,6
catnip_powder,neutral,neutral,False,False,false,6
pollack,neutral,neutral,False,False,false,6
lactobacillus_fermentum_fermentation_product,neutral,neutral,False,False,false,6
dcalcium_panthothenate,neutral,neutral,False,False,false,6
casein,neutral,neutral,False,False,false,6
whole_chicken,neutral,neutral,False,False,false,6
smoke_flavored_salmon,neutral,neutral,False,False,false,5
water_buffalo,neutral,neutral,False,False,false,5
shiitake_mushroom,neutral,neutral,False,False,false,5
beef_by_product,neutral,neutral,False,True,false,5
folic_acid_and_calcium_iodate,neutral,neutral,False,False,false,5
mixed_tocopherol,neutral,neutral,False,False,false,5
magnesium_gluconate,neutral,neutral,False,False,false,5
sodium_benzoate,neutral,neutral,False,False,false,5
pork_and_bone_meal,neutral,neutral,False,True,false,5
bison_meal,neutral,neutral,False,True,false,5
whiting_meal,neutral,neutral,False,False,false,5
colors,neutral,neutral,False,False,false,5
milled_rice,neutral,neutral,False,False,false,5
mannan_oligosaccharides,neutral,neutral,False,False,false,5
vitamin_pp,neutral,neutral,False,False,false,5
zinc_sulphate_monohydrate,neutral,neutral,False,False,false,5
tocopherol_extract_from_vegetable_oils,neutral,neutral,False,False,false,5
prime_rib_flavor,neutral,neutral,False,False,false,5
basil,neutral,neutral,False,False,false,5
enriched_egg_noodles,neutral,neutral,False,False,false,5
tea,neutral,neutral,False,False,false,5
brewer’s_liquid_yeast,neutral,neutral,False,False,false,5
quinoa_seed,neutral,neutral,False,False,false,5
aspergillus_oryzae_fermentation_product,neutral,neutral,False,False,false,5
sun_cured_kelp,neutral,neutral,False,False,false,5
fenugreek,neutral,neutral,False,False,false,5
zinc_sulphate,neutral,neutral,False,False,false,5
red_peppers,neutral,neutral,False,False,false,5
pear,neutral,neutral,False,False,false,5
kangaroo,neutral,neutral,False,False,false,5
rice_hulls,neutral,neutral,False,False,false,5
lamb_plasma,neutral,neutral,False,True,false,5
de_boned_duck,neutral,neutral,False,False,false,5
cesar_simply_crafted_variety_pack_chicken,neutral,neutral,False,False,false,5
manganous_sulfate,neutral,neutral,False,False,false,5
boar,neutral,neutral,False,False,false,5
acadian_redfish,neutral,neutral,False,False,false,5
pea_fibre,neutral,neutral,False,False,false,5
egg_yolk,neutral,neutral,False,False,false,5
rabbit_liver,neutral,neutral,False,True,false,5
liquid_lactobacillus_acidophilus_fermentation_product,neutral,neutral,False,False,false,5
liquid_lactobacillus_casei_fermentation_product,neutral,neutral,False,False,false,5
liquid_lactobacillus_reuteri_fermentation_product,neutral,neutral,False,False,false,5
liquid_bifidobacterium_animalis_fermentation_product,neutral,neutral,False,False,false,5
disodium_pyrophosphate,neutral,neutral,False,False,false,5
venison_bone,neutral,neutral,False,True,false,5
confectioners_glaze,neutral,neutral,False,False,false,5
technical_pork_gelatin,neutral,neutral,False,False,false,5
crunchy_peanut_butter,neutral,neutral,False,False,false,5
apple_powder,neutral,neutral,False,False,false,5
citrus_fiber,neutral,neutral,False,False,false,5
bone_broth,neutral,neutral,False,False,false,5
maple_syrup,neutral,neutral,False,False,false,5
chick_peas,neutral,neutral,False,False,false,5
alfalfa_extract,neutral,neutral,False,False,false,5
lamb_flavour,neutral,neutral,False,True,false,5
duck_flavor,neutral,neutral,False,False,false,5
tuna_by_product,neutral,neutral,False,True,false,5
basa,neutral,neutral,False,False,false,5
skipjack_tuna,neutral,neutral,False,False,false,5
skipjack,neutral,neutral,False,False,false,5
sardine_broth,neutral,neutral,False,True,false,5
tannic_acid,neutral,neutral,False,False,false,5
broccoli_sprouts,neutral,neutral,False,False,false,5
plums,neutral,neutral,False,False,false,5
valerian_root,neutral,neutral,False,False,false,5
calcium_ascorbate,neutral,neutral,False,False,true,5
canola_lecithin,neutral,neutral,False,False,false,5
water_24.258%,neutral,neutral,False,False,false,5
lecithin_1%,neutral,neutral,False,False,false,5
d_biotin_0.001%,neutral,neutral,False,False,false,5
bamboo_fiber,neutral,neutral,False,False,false,5
d_sodium_riboflavin_phosphate,neutral,neutral,False,False,false,5
astaxanthin,neutral,neutral,False,False,false,5
mineral_mix,neutral,neutral,False,False,false,5
poultry_protein,neutral,neutral,False,False,false,5
barley_grass_powder,neutral,neutral,False,False,false,5
vitamin_b,neutral,neutral,False,False,false,5
iodine_amino_acid_chelate,neutral,neutral,False,False,false,5
dehydrated_alfalfa_meal,neutral,neutral,False,False,false,5
rhizopus_oryzae_fermentation_product,neutral,neutral,False,False,false,5
distarch_phosphate,neutral,neutral,False,False,false,5
fish_protein,neutral,neutral,False,False,false,5
